<?xml version="1.0" encoding="utf-8"?>
<tracking-metadata generator="Presenter ver 10.0" version="1.0">
	<objective id="Quiz10011" max-score="60" passing-score="42" min-score="0">
		<name>AEM Communities 6.1 Assessment</name>
		<interactions>
			<interaction id="Interaction10016" QUniqId="10016" type="true-false" score="10" correct-response="true">
				<name>True/False</name>
				<title>AEM 6.1 Communities offers a Site Template that can make use of only one Community Function</title>
				<responses>
					<response id="false">True </response>
					<response id="true">False </response>
				</responses>
			</interaction>
			<interaction id="Interaction10024" QUniqId="10024" type="true-false" score="10" correct-response="true">
				<name>True/False</name>
				<title>AEM 6.1 Communities automatically translates content based on the visitor’s browser preferences and physical location, without intervention or configuration by site administrators</title>
				<responses>
					<response id="false">True </response>
					<response id="true">False </response>
				</responses>
			</interaction>
			<interaction id="Interaction10034" QUniqId="10034" type="true-false" score="10" correct-response="true">
				<name>True/False</name>
				<title>AEM 6.1 Communities uses a fully responsive web design approach that gives users the ability to preview pages on a variety of device layouts</title>
				<responses>
					<response id="true">True </response>
					<response id="false">False </response>
				</responses>
			</interaction>
			<interaction id="Interaction10042" QUniqId="10042" type="true-false" score="10" correct-response="true">
				<name>True/False</name>
				<title>AEM 6.1 Communities includes a WYSIWYG editor for adding and manipulating Community Components to a page or site template</title>
				<responses>
					<response id="true">True </response>
					<response id="false">False </response>
				</responses>
			</interaction>
			<interaction id="Interaction10050" QUniqId="10050" type="true-false" score="10" correct-response="true">
				<name>True/False</name>
				<title>The bulk moderation option of AEM 6.1 Communities enables Community Managers to review content for the entire site without having to browse for content page-by-page</title>
				<responses>
					<response id="true">True </response>
					<response id="false">False </response>
				</responses>
			</interaction>
			<interaction id="Interaction10058" QUniqId="10058" type="true-false" score="10" correct-response="true">
				<name>True/False</name>
				<title>AEM 6.1 Communities, when a community member is invited to a private group, they must reply to the notification message and accept the invitation before they are able to see the group.</title>
				<responses>
					<response id="false">True </response>
					<response id="true">False </response>
				</responses>
			</interaction>
		</interactions>
	</objective>
</tracking-metadata>
