<?xml version="1.0" encoding="utf-8"?>
<manifest identifier="Adobe_Presenter_Quiz_ID" version="1.0" xsi:schemaLocation="http://www.imsproject.org/xsd/imscp_rootv1p1p2 imscp_rootv1p1p2.xsd http://www.imsglobal.org/xsd/imsmd_rootv1p2p1 imsmd_rootv1p2p1.xsd http://www.adlnet.org/xsd/adlcp_rootv1p2 adlcp_rootv1p2.xsd http://www.imsglobal.org/xsd/imsmd_rootv1p2p1 imsmd_rootv1p2p1.xsd" xmlns="http://www.imsproject.org/xsd/imscp_rootv1p1p2" xmlns:adlcp="http://www.adlnet.org/xsd/adlcp_rootv1p2" xmlns:xsi="http://www.w3.org/2001/XMLSchema-instance">
	<metadata>
		<schema>ADL SCORM</schema>
		<schemaversion>1.2</schemaversion>
		<lom xmlns="http://www.imsglobal.org/xsd/imsmd_rootv1p2p1">
			<general>
				<title>
					<langstring xml:lang="x-none"></langstring>
				</title>
				<catalogentry>
					<catalog>Adobe Presenter Course</catalog>
					<entry>
						<langstring xml:lang="x-none">Adobe_Presenter_Quiz_ID</langstring>
					</entry>
				</catalogentry>
				<description>
					<langstring xml:lang="x-none"></langstring>
				</description>
			</general>
			<lifecycle>
				<version>
					<langstring xml:lang="x-none">1.0</langstring>
				</version>
				<status>
					<source>
						<langstring xml:lang="x-none">LOMv1.0</langstring>
					</source>
					<value>
						<langstring xml:lang="x-none">Final</langstring>
					</value>
				</status>
			</lifecycle>
			<metametadata>
				<metadatascheme>ADL SCORM 1.2</metadatascheme>
			</metametadata>
			<technical>
				<format>text/html</format>
				<location>.</location>
			</technical>
			<rights>
				<cost>
					<source>
						<langstring xml:lang="x-none">LOMv1.10</langstring>
					</source>
					<value>
						<langstring xml:lang="x-none">no</langstring>
					</value>
				</cost>
				<copyrightandotherrestrictions>
					<source>
						<langstring xml:lang="x-none">LOMv1.10</langstring>
					</source>
					<value>
						<langstring xml:lang="x-none">no</langstring>
					</value>
				</copyrightandotherrestrictions>
			</rights>
			<classification>
				<purpose>
					<source>
						<langstring xml:lang="x-none">LOMv1.0</langstring>
					</source>
					<value>
						<langstring xml:lang="x-none">Idea</langstring>
					</value>
				</purpose>
				<description>
					<langstring xml:lang="x-none"></langstring>
				</description>
				<keyword>
					<langstring xml:lang="x-none">Adobe Presenter</langstring>
				</keyword>
			</classification>
		</lom>
	</metadata>
	<organizations default="_ORG">
		<organization identifier="_ORG">
			<title>Adobe_Presenter</title>
			<item identifier="Adobe_Presenter_Quiz" isvisible="true" identifierref="_RES">
				<title>Adobe_Presenter_Quiz</title>
			</item>
		</organization>
	</organizations>
	<resources>
		<resource identifier="_RES" type="webcontent" href="SCORM.htm" adlcp:scormtype="sco">
			<file href="breeze-manifest.xml"/>
			<file href="browsersniff.js"/>
			<file href="data/html/fa/SourceSansPro-Bold.otf"/>
			<file href="data/html/fa/SourceSansPro-Light.otf"/>
			<file href="data/html/fa/SourceSansPro-Regular.otf"/>
			<file href="data/html/pa/Button_Default.png"/>
			<file href="data/html/pa/common.png"/>
			<file href="data/html/pa/desktop.png"/>
			<file href="data/html/pa/follow.png"/>
			<file href="data/html/pa/following.png"/>
			<file href="data/html/pa/mobile.png"/>
			<file href="data/html/pa/new Question.png"/>
			<file href="data/html/pa/Pn_HTML5_player_spinner.gif"/>
			<file href="data/html/pa/Spinner_800x600px_light.gif"/>
			<file href="data/html/presenter.css"/>
			<file href="data/html/presenter.js"/>
			<file href="data/html/presenter.libs.js"/>
			<file href="data/html/Project.js"/>
			<file href="data/resources/ha/00652a66150a451089a441ef25f318ca.png"/>
			<file href="data/resources/ha/028f119a38354df08a75f80fa76c242f.png"/>
			<file href="data/resources/ha/038bc7de1be840e8a02851e532d61e09.png"/>
			<file href="data/resources/ha/06122565392745e690a6857f7dbecc7a.png"/>
			<file href="data/resources/ha/09a6676b48af4bf3a362ec2881cb4c87.png"/>
			<file href="data/resources/ha/0a139d64290d4a95b409f1e6a1d6a706.png"/>
			<file href="data/resources/ha/0ba528a1a6944cd285b20b94f234b7df.png"/>
			<file href="data/resources/ha/0f8623c1864b4d4bb4f2bfadf9d042ce.png"/>
			<file href="data/resources/ha/171554202ad74873ac0fdfd4e77f8f6a.png"/>
			<file href="data/resources/ha/17b9d921347847208a696bd26adf7888.png"/>
			<file href="data/resources/ha/1da7e76f23a644b58920f82e02baa287.png"/>
			<file href="data/resources/ha/1dcdfd041d644d938a6b7ff1d77ef473.png"/>
			<file href="data/resources/ha/1f5dc24d766a477589bcb6c6e35595ce.png"/>
			<file href="data/resources/ha/22df99efdebe4f70b1fb2aae7172a9cf.png"/>
			<file href="data/resources/ha/253c8c3c1db74bd1ae009203019db8e9.png"/>
			<file href="data/resources/ha/2676f2837ae2435394aafa24b4e2ed7a.png"/>
			<file href="data/resources/ha/26a7b3dcb2ce4623b1d1d435bde4f123.png"/>
			<file href="data/resources/ha/276d648734cd4a13b743257869f66276.png"/>
			<file href="data/resources/ha/282f8b78a58a46b291cf978ddf72dffb.png"/>
			<file href="data/resources/ha/2919be3e58354c469aba2ecdc32a8956.png"/>
			<file href="data/resources/ha/2999e03a70854045bf838cbc934fd8a2.png"/>
			<file href="data/resources/ha/2a2805575dad4e21b2695e8bb308e3ea.png"/>
			<file href="data/resources/ha/2a73200b44df4f50ac37f489fbbad6f0.png"/>
			<file href="data/resources/ha/2c6b1e27bc1a4d2eb1c6150f56b9a7dd.png"/>
			<file href="data/resources/ha/2d1971a384a94709bc1c7b1f8fc33eb0.png"/>
			<file href="data/resources/ha/2daba699fb3d4d27b7cf59f991494c54.png"/>
			<file href="data/resources/ha/31dbe7a7ae4247ab9d1bef0fe07cc7d6.png"/>
			<file href="data/resources/ha/33ba7843e298444299fc12f3cccadb87.png"/>
			<file href="data/resources/ha/3484a38c022f4b80804e80b2867b3570.png"/>
			<file href="data/resources/ha/366c3ed5b89c41a28e305cca4d2e70d1.png"/>
			<file href="data/resources/ha/393092e3eaf04f57b6a2353f43f1ad26.png"/>
			<file href="data/resources/ha/39bc316f714d487188b8f7df99f97d7f.png"/>
			<file href="data/resources/ha/3bf91094e79a4bfcae73625302fe0587.png"/>
			<file href="data/resources/ha/3c48761e4bf943bf8814191a825c57eb.png"/>
			<file href="data/resources/ha/3dd2b7b1c24c43c48117f3409a44ae33.png"/>
			<file href="data/resources/ha/3ed9de1be82a4bf7a2c3dd3c827602ec.png"/>
			<file href="data/resources/ha/3f0fc423318e42089f7caecb46ed8f49.png"/>
			<file href="data/resources/ha/3f450cf52d1d4cf49255239c2b722639.png"/>
			<file href="data/resources/ha/3ff6c33ac67345a3827d01062e55890f.png"/>
			<file href="data/resources/ha/4201b4de8f274f89945bb41e012c98cb.png"/>
			<file href="data/resources/ha/459fb4a9c9164066807203e9f3ea7d7a.png"/>
			<file href="data/resources/ha/463334f6dfc84ab090950dd501dbc8cf.png"/>
			<file href="data/resources/ha/4abf8d86b7484388af00919c050981f2.png"/>
			<file href="data/resources/ha/4d202379598b42328c305f2be2d632f9.png"/>
			<file href="data/resources/ha/4da9a4a43f0043298f17b9ef6d7b5922.png"/>
			<file href="data/resources/ha/4f154d1a7096412a8f694da5a648be9f.png"/>
			<file href="data/resources/ha/533783202af1492d80fd8fe674d73991.png"/>
			<file href="data/resources/ha/5996837334044120a0474aeea54e9955.png"/>
			<file href="data/resources/ha/5a95fa78b6074a8191b159975909b096.png"/>
			<file href="data/resources/ha/5e3932aaa4a94d50beba8c789e4de95e.png"/>
			<file href="data/resources/ha/5e779ef30ee642a5aa2c78a19d200d89.png"/>
			<file href="data/resources/ha/5edc6f5208954e54a74aaf3486344e3c.png"/>
			<file href="data/resources/ha/60c4e5ba69d9437fbf69d4ae13d678d5.png"/>
			<file href="data/resources/ha/64e89bfbc2e94fbcaa24b0ab6a0f3c6e.png"/>
			<file href="data/resources/ha/675d57a0326f49fa8e457d42a404c678.png"/>
			<file href="data/resources/ha/6979a732c550416fad28c0a44cfe4bd0.png"/>
			<file href="data/resources/ha/6efcca1288954540b034aeeb3351fc79.png"/>
			<file href="data/resources/ha/773d136c6fbc4d5384b293623a13aad3.png"/>
			<file href="data/resources/ha/7877413d298d4e4580d69be4cdcb7cf9.png"/>
			<file href="data/resources/ha/78fbab5489104a1897fe3b49f9a35ea3.png"/>
			<file href="data/resources/ha/7aace7e6754843fcb026d345d99f952f.png"/>
			<file href="data/resources/ha/7f7e4cad53614a99b7a1088ad285242b.png"/>
			<file href="data/resources/ha/885b2ca7a20744a49510408c9127510a.png"/>
			<file href="data/resources/ha/9033aa3be37143ea99076281ad18a6f9.png"/>
			<file href="data/resources/ha/92d20b0534c4434bb5e87555d73e41b3.png"/>
			<file href="data/resources/ha/993cb6cd514943beb5440df9b8954f0d.png"/>
			<file href="data/resources/ha/9aed11d29f894c6296bbc5a435d0ba1e.png"/>
			<file href="data/resources/ha/a07eaf53633f47b099d49196ac83dd1b.png"/>
			<file href="data/resources/ha/a1285f5e7ab14fb49e71ad1d66fb2ea3.png"/>
			<file href="data/resources/ha/a3539583da994c7aaa8ba7f5dbb98f32.png"/>
			<file href="data/resources/ha/a64022c09ace4582b3e47d7e1bc3c5e7.png"/>
			<file href="data/resources/ha/ae2e8bd6a7564b10a67677fe9c3d3394.png"/>
			<file href="data/resources/ha/aeed9b1a700e4aaeae233be6f294c095.png"/>
			<file href="data/resources/ha/b18290a8d0284a70b7ae9aaf5e45d0fb.png"/>
			<file href="data/resources/ha/b309435184804bc08c437b653c1472a0.png"/>
			<file href="data/resources/ha/b53ac26691d546778e593821a2e801c7.png"/>
			<file href="data/resources/ha/b75c7604a5264829ae84b38bac343c65.png"/>
			<file href="data/resources/ha/b8e61b824b5a4f058f5b7d2adf092c4c.png"/>
			<file href="data/resources/ha/c43a451e48ae4561a18feef95e8bfdfd.png"/>
			<file href="data/resources/ha/c80491c8c2964490a9e10c28ee536d57.png"/>
			<file href="data/resources/ha/cba22d12fc694397aeb7a8114274090d.png"/>
			<file href="data/resources/ha/cd43c6185a3f464d880fc8240c33f816.png"/>
			<file href="data/resources/ha/ce028059c0f44b13a3a3abda43fed2c1.png"/>
			<file href="data/resources/ha/ced71bbcbd4d4c2c827d9dedb34a389b.png"/>
			<file href="data/resources/ha/d33b3c3418574aab83e15b32acbce47b.png"/>
			<file href="data/resources/ha/d9921f8e5dcb431da99db190c35b6c58.png"/>
			<file href="data/resources/ha/dcc04e2093ae476e9435835415d5ff8b.png"/>
			<file href="data/resources/ha/de04d7a185db4a70a9939d18fd957612.png"/>
			<file href="data/resources/ha/e2958aa2b25a4704b643271e421e95b5.png"/>
			<file href="data/resources/ha/e3747d9f1def4248b838001e51fd26a7.png"/>
			<file href="data/resources/ha/e66a9df8519044abb66543545001a76d.png"/>
			<file href="data/resources/ha/e74d5e53aeee4384ac53493b235cd37e.png"/>
			<file href="data/resources/ha/e85b202a28a941ffbb2d420874932b24.png"/>
			<file href="data/resources/ha/ea509ad2b8be4d12b9a98b270a774c8c.png"/>
			<file href="data/resources/ha/ebffbae994c343288e9e83e8189eabdb.png"/>
			<file href="data/resources/ha/ec2f7659d88e4f4aba553ac60cedb469.png"/>
			<file href="data/resources/ha/ee6ffd6632cb47ac9d372cdf5e2e741f.png"/>
			<file href="data/resources/ha/f54f3a30df3e407cad0b05b96642f866.png"/>
			<file href="data/resources/ha/f5f596a2f4df45fc9efff3525f34db70.png"/>
			<file href="data/resources/ha/f96158f3e44e41e2b240949ddc05ebbd.png"/>
			<file href="data/resources/ha/faf07432d9ca4227ac8733230ff3698e.png"/>
			<file href="data/resources/ha/fb22d2f6127a43dabae63dd4c1e2b094.png"/>
			<file href="data/resources/ha/ff64b618027942da9df2087c9c57b278.png"/>
			<file href="data/resources/ha/Quiz_slide_thumbnail.png"/>
			<file href="data/resources/ha/Slide1.PNG"/>
			<file href="data/srchdata.xml"/>
			<file href="data/vconfig.xml"/>
			<file href="data/viewer.xml"/>
			<file href="metadata/ACAP.js"/>
			<file href="metadata/trackdta.xml"/>
			<file href="SCORM.htm"/>
			<file href="scormdriver.js"/>
			<file href="SCORM_utilities.js"/>
			<file href="standard.js"/>
			<file href="Utilities.js"/>
			<file href="index.htm"/>
		</resource>
	</resources>
</manifest>
