<?xml version="1.0" encoding="utf-8"?>
<document-metadata version="1.0" xmlns="http://breeze.macromedia.com/">
	<document-info>
		<title>AEM 6.1 Communities Assessment</title>
		<summary></summary>
		<author/>
		<keywords/>
		<thumbnail href="data/thumb/thumb_slide_000001.jpg"/>
		<view-link href="/Viewer.swf?slide={position}"/>
	</document-info>
	<section type="slide" position="1" xmlns="">
		<title>AEM Communities 6.1 - Assessment</title>
		<content>  AEM Communities 6.1 - Assessment   AEM Communities 6.1 - Assessment </content>
		<related-content></related-content>
		<thumbnail href="data/thumb/thumb_slide_000001.jpg"/>
	</section>
	<section type="slide" position="2" xmlns="">
		<title>AEM 6.1 Communities offers a Site Template that can make use of only one Community Function</title>
		<content>AEM 6.1 Communities offers a Site Template that can make use of only one Community Function  Correct - Click anywhere to continue Incorrect - Click anywhere to continue You answered this correctly! Your answer: The correct answer is: You did not answer this question completely You must answer the question before continuing Submit Clear A) True B) False AEM 6.1 Communities offers a Site Template that can make use of only one Community Function  Correct - Click anywhere to continue Incorrect - Click anywhere to continue You answered this correctly! Your answer: The correct answer is: You did not answer this question completely You must answer the question before continuing Submit Clear A) True B) False </content>
		<related-content></related-content>
		<thumbnail href="data/thumb/thumb_slide_000002.jpg"/>
	</section>
	<section type="slide" position="3" xmlns="">
		<title>AEM 6.1 Communities automatically translates content based on the visitor’s browser preferences and physical location, without intervention or configuration by site administrators</title>
		<content>AEM 6.1 Communities automatically translates content based on the visitor’s browser preferences and physical location, without intervention or configuration by site administrators  Correct - Click anywhere to continue Incorrect - Click anywhere to continue You answered this correctly! Your answer: The correct answer is: You did not answer this question completely You must answer the question before continuing Submit Clear A) True B) False AEM 6.1 Communities automatically translates content based on the visitor’s browser preferences and physical location, without intervention or configuration by site administrators  Correct - Click anywhere to continue Incorrect - Click anywhere to continue You answered this correctly! Your answer: The correct answer is: You did not answer this question completely You must answer the question before continuing Submit Clear A) True B) False </content>
		<related-content></related-content>
		<thumbnail href="data/thumb/thumb_slide_000003.jpg"/>
	</section>
	<section type="slide" position="4" xmlns="">
		<title>AEM 6.1 Communities uses a fully responsive web design approach that gives users the ability to preview pages on a variety of device layouts</title>
		<content>AEM 6.1 Communities uses a fully responsive web design approach that gives users the ability to preview pages on a variety of device layouts  A) True B) False Correct - Click anywhere to continue Incorrect - Click anywhere to continue You answered this correctly! Your answer: The correct answer is: You did not answer this question completely You must answer the question before continuing Submit Clear AEM 6.1 Communities uses a fully responsive web design approach that gives users the ability to preview pages on a variety of device layouts  A) True B) False Correct - Click anywhere to continue Incorrect - Click anywhere to continue You answered this correctly! Your answer: The correct answer is: You did not answer this question completely You must answer the question before continuing Submit Clear </content>
		<related-content></related-content>
		<thumbnail href="data/thumb/thumb_slide_000004.jpg"/>
	</section>
	<section type="slide" position="5" xmlns="">
		<title>AEM 6.1 Communities includes a WYSIWYG editor for adding and manipulating Community Components to a page or site template</title>
		<content>AEM 6.1 Communities includes a WYSIWYG editor for adding and manipulating Community Components to a page or site template  A) True B) False Correct - Click anywhere to continue Incorrect - Click anywhere to continue You answered this correctly! Your answer: The correct answer is: You did not answer this question completely You must answer the question before continuing Submit Clear AEM 6.1 Communities includes a WYSIWYG editor for adding and manipulating Community Components to a page or site template  A) True B) False Correct - Click anywhere to continue Incorrect - Click anywhere to continue You answered this correctly! Your answer: The correct answer is: You did not answer this question completely You must answer the question before continuing Submit Clear </content>
		<related-content></related-content>
		<thumbnail href="data/thumb/thumb_slide_000005.jpg"/>
	</section>
	<section type="slide" position="6" xmlns="">
		<title>The bulk moderation option of AEM 6.1 Communities enables Community Managers to review content for the entire site without having to browse for content page-by-page</title>
		<content>The bulk moderation option of AEM 6.1 Communities enables Community Managers to review content for the entire site without having to browse for content page-by-page  A) True B) False Correct - Click anywhere to continue Incorrect - Click anywhere to continue You answered this correctly! Your answer: The correct answer is: You did not answer this question completely You must answer the question before continuing Submit Clear The bulk moderation option of AEM 6.1 Communities enables Community Managers to review content for the entire site without having to browse for content page-by-page  A) True B) False Correct - Click anywhere to continue Incorrect - Click anywhere to continue You answered this correctly! Your answer: The correct answer is: You did not answer this question completely You must answer the question before continuing Submit Clear </content>
		<related-content></related-content>
		<thumbnail href="data/thumb/thumb_slide_000006.jpg"/>
	</section>
	<section type="slide" position="7" xmlns="">
		<title>AEM 6.1 Communities, when a community member is invited to a private group, they must reply to the notification message and accept the invitation before they are able to see the group.</title>
		<content>AEM 6.1 Communities, when a community member is invited to a private group, they must reply to the notification message and accept the invitation before they are able to see the group.  A) True B) False Correct - Click anywhere to continue Incorrect - Click anywhere to continue You answered this correctly! Your answer: The correct answer is: You did not answer this question completely You must answer the question before continuing Submit Clear AEM 6.1 Communities, when a community member is invited to a private group, they must reply to the notification message and accept the invitation before they are able to see the group.  A) True B) False Correct - Click anywhere to continue Incorrect - Click anywhere to continue You answered this correctly! Your answer: The correct answer is: You did not answer this question completely You must answer the question before continuing Submit Clear </content>
		<related-content></related-content>
		<thumbnail href="data/thumb/thumb_slide_000007.jpg"/>
	</section>
	<section type="slide" position="8" xmlns="">
		<title>AEM Communities 6.1 Assessment</title>
		<content>AEM Communities 6.1 Assessment  Your ScoreMax ScoreNumber of Quiz Attempts Question Feedback/Review Information Will Appear Here Review Quiz Continue AEM Communities 6.1 Assessment  Your ScoreMax ScoreNumber of Quiz Attempts Question Feedback/Review Information Will Appear Here Review Quiz Continue </content>
		<related-content></related-content>
		<thumbnail href="data/thumb/thumb_slide_000008.jpg"/>
	</section>
</document-metadata>
