<?xml version="1.0" encoding="utf-8"?>
<presentation width="959.75" height="540" preview="0" defaultSlideDuration="5" start="play" buildNum="10.0.0.196">
	<presentationTitle>AEM 6.1 Communities Assessment</presentationTitle>
	<speakers></speakers>
	<search url="srchdata.xml"/>
	<presentationBg url="bg.swf"/>
	<masters><master url="Master0.swf" id="1" totalFrames="1"><backdrop frameNum="0"/></master></masters>
	<layouts><layout url="Layout0.swf" id="1" totalFrames="1"><backdrop displayBgSp="true"/></layout><layout url="Layout1.swf" id="2" totalFrames="1"><backdrop displayBgSp="true"/></layout></layouts>
	<slides>
		<slide id="278" showInTOC="" inSequence="" frameRate="30" totalFrames="30" usePptxSlideDur="0" lockInteractionSlide="false" isHiddenInteractionSl="false" isWrongInteractionSl="false" swfConvertorEngine="Nova" slideDuration="5" advance="auto" blockMovement="false" hideplaybar="false" type="normal">
			<transition dur="0"/>
			<content url="Slide0.swf" id="278"/>
			<backdrop displayBgSp="true"/>
			<master id="1" frameNum="0"/>
			<layout id="1" frameNum="0"/>
			<clickAnimations></clickAnimations>
			<flvContents/>
			<slideTitle>@AEM Communities 6.1 - Assessment@</slideTitle>
			<notes isHTML="true"></notes>
			<slideThumbnail url="thumb.swf" frame="1"/>
		</slide>
		<slide id="290" showInTOC="false" inSequence="" frameRate="30" totalFrames="180" usePptxSlideDur="0" lockInteractionSlide="false" isHiddenInteractionSl="false" isWrongInteractionSl="false" swfConvertorEngine="Nova" slideDuration="6" advance="never" blockMovement="false" hideplaybar="false" type="quiz" quiz="10011" group="-1">
			<questions>
				<question index="10016" weight="10" showCorrectFeedback="true" showIncorrectFeedback="true" isMandatory="0" scoreType="scored" shuffleAnswers="false"/>
			</questions>
			<audioFeedbacks></audioFeedbacks>
			<content url="Slide1.swf" id="290"/>
			<backdrop displayBgSp="true"/>
			<master id="1" frameNum="0"/>
			<layout id="2" frameNum="0"/>
			<clickAnimations>
				<click startTime="167" isStartRelative="false" duration="666"/>
				<click startTime="867" isStartRelative="false" duration="666"/>
				<click startTime="1567" isStartRelative="false" duration="666"/>
				<click startTime="2267" isStartRelative="false" duration="666"/>
				<click startTime="2967" isStartRelative="false" duration="666"/>
				<click startTime="3667" isStartRelative="false" duration="666"/>
				<click startTime="4367" isStartRelative="false" duration="666"/>
			</clickAnimations>
			<flvContents/>
			<slideTitle>@AEM 6.1 Communities offers a Site Template that can make use of only one Community Function@</slideTitle>
			<notes isHTML="true"></notes>
			<slideThumbnail url="thumb.swf" frame="2"/>
		</slide>
		<slide id="291" showInTOC="false" inSequence="" frameRate="30" totalFrames="180" usePptxSlideDur="0" lockInteractionSlide="false" isHiddenInteractionSl="false" isWrongInteractionSl="false" swfConvertorEngine="Nova" slideDuration="6" advance="never" blockMovement="false" hideplaybar="false" type="quiz" quiz="10011" group="-1">
			<questions>
				<question index="10024" weight="10" showCorrectFeedback="true" showIncorrectFeedback="true" isMandatory="0" scoreType="scored" shuffleAnswers="false"/>
			</questions>
			<audioFeedbacks></audioFeedbacks>
			<content url="Slide2.swf" id="291"/>
			<backdrop displayBgSp="true"/>
			<master id="1" frameNum="0"/>
			<layout id="2" frameNum="0"/>
			<clickAnimations>
				<click startTime="167" isStartRelative="false" duration="666"/>
				<click startTime="867" isStartRelative="false" duration="666"/>
				<click startTime="1567" isStartRelative="false" duration="666"/>
				<click startTime="2267" isStartRelative="false" duration="666"/>
				<click startTime="2967" isStartRelative="false" duration="666"/>
				<click startTime="3667" isStartRelative="false" duration="666"/>
				<click startTime="4367" isStartRelative="false" duration="666"/>
			</clickAnimations>
			<flvContents/>
			<slideTitle>@AEM 6.1 Communities automatically translates content based on the visitor’s browser preferences and physical location, without intervention or configuration by site administrators@</slideTitle>
			<notes isHTML="true"></notes>
			<slideThumbnail url="thumb.swf" frame="3"/>
		</slide>
		<slide id="293" showInTOC="false" inSequence="" frameRate="30" totalFrames="180" usePptxSlideDur="0" lockInteractionSlide="false" isHiddenInteractionSl="false" isWrongInteractionSl="false" swfConvertorEngine="Nova" slideDuration="6" advance="never" blockMovement="false" hideplaybar="false" type="quiz" quiz="10011" group="-1">
			<questions>
				<question index="10034" weight="10" showCorrectFeedback="true" showIncorrectFeedback="true" isMandatory="0" scoreType="scored" shuffleAnswers="false"/>
			</questions>
			<audioFeedbacks></audioFeedbacks>
			<content url="Slide3.swf" id="293"/>
			<backdrop displayBgSp="true"/>
			<master id="1" frameNum="0"/>
			<layout id="2" frameNum="0"/>
			<clickAnimations>
				<click startTime="167" isStartRelative="false" duration="666"/>
				<click startTime="867" isStartRelative="false" duration="666"/>
				<click startTime="1567" isStartRelative="false" duration="666"/>
				<click startTime="2267" isStartRelative="false" duration="666"/>
				<click startTime="2967" isStartRelative="false" duration="666"/>
				<click startTime="3667" isStartRelative="false" duration="666"/>
				<click startTime="4367" isStartRelative="false" duration="666"/>
			</clickAnimations>
			<flvContents/>
			<slideTitle>@AEM 6.1 Communities uses a fully responsive web design approach that gives users the ability to preview pages on a variety of device layouts@</slideTitle>
			<notes isHTML="true"></notes>
			<slideThumbnail url="thumb.swf" frame="4"/>
		</slide>
		<slide id="294" showInTOC="false" inSequence="" frameRate="30" totalFrames="180" usePptxSlideDur="0" lockInteractionSlide="false" isHiddenInteractionSl="false" isWrongInteractionSl="false" swfConvertorEngine="Nova" slideDuration="6" advance="never" blockMovement="false" hideplaybar="false" type="quiz" quiz="10011" group="-1">
			<questions>
				<question index="10042" weight="10" showCorrectFeedback="true" showIncorrectFeedback="true" isMandatory="0" scoreType="scored" shuffleAnswers="false"/>
			</questions>
			<audioFeedbacks></audioFeedbacks>
			<content url="Slide4.swf" id="294"/>
			<backdrop displayBgSp="true"/>
			<master id="1" frameNum="0"/>
			<layout id="2" frameNum="0"/>
			<clickAnimations>
				<click startTime="167" isStartRelative="false" duration="666"/>
				<click startTime="867" isStartRelative="false" duration="666"/>
				<click startTime="1567" isStartRelative="false" duration="666"/>
				<click startTime="2267" isStartRelative="false" duration="666"/>
				<click startTime="2967" isStartRelative="false" duration="666"/>
				<click startTime="3667" isStartRelative="false" duration="666"/>
				<click startTime="4367" isStartRelative="false" duration="666"/>
			</clickAnimations>
			<flvContents/>
			<slideTitle>@AEM 6.1 Communities includes a WYSIWYG editor for adding and manipulating Community Components to a page or site template@</slideTitle>
			<notes isHTML="true"></notes>
			<slideThumbnail url="thumb.swf" frame="5"/>
		</slide>
		<slide id="295" showInTOC="false" inSequence="" frameRate="30" totalFrames="180" usePptxSlideDur="0" lockInteractionSlide="false" isHiddenInteractionSl="false" isWrongInteractionSl="false" swfConvertorEngine="Nova" slideDuration="6" advance="never" blockMovement="false" hideplaybar="false" type="quiz" quiz="10011" group="-1">
			<questions>
				<question index="10050" weight="10" showCorrectFeedback="true" showIncorrectFeedback="true" isMandatory="0" scoreType="scored" shuffleAnswers="false"/>
			</questions>
			<audioFeedbacks></audioFeedbacks>
			<content url="Slide5.swf" id="295"/>
			<backdrop displayBgSp="true"/>
			<master id="1" frameNum="0"/>
			<layout id="2" frameNum="0"/>
			<clickAnimations>
				<click startTime="167" isStartRelative="false" duration="666"/>
				<click startTime="867" isStartRelative="false" duration="666"/>
				<click startTime="1567" isStartRelative="false" duration="666"/>
				<click startTime="2267" isStartRelative="false" duration="666"/>
				<click startTime="2967" isStartRelative="false" duration="666"/>
				<click startTime="3667" isStartRelative="false" duration="666"/>
				<click startTime="4367" isStartRelative="false" duration="666"/>
			</clickAnimations>
			<flvContents/>
			<slideTitle>@The bulk moderation option of AEM 6.1 Communities enables Community Managers to review content for the entire site without having to browse for content page-by-page@</slideTitle>
			<notes isHTML="true"></notes>
			<slideThumbnail url="thumb.swf" frame="6"/>
		</slide>
		<slide id="296" showInTOC="false" inSequence="" frameRate="30" totalFrames="180" usePptxSlideDur="0" lockInteractionSlide="false" isHiddenInteractionSl="false" isWrongInteractionSl="false" swfConvertorEngine="Nova" slideDuration="6" advance="never" blockMovement="false" hideplaybar="false" type="quiz" quiz="10011" group="-1">
			<questions>
				<question index="10058" weight="10" showCorrectFeedback="true" showIncorrectFeedback="true" isMandatory="0" scoreType="scored" shuffleAnswers="false"/>
			</questions>
			<audioFeedbacks></audioFeedbacks>
			<content url="Slide6.swf" id="296"/>
			<backdrop displayBgSp="true"/>
			<master id="1" frameNum="0"/>
			<layout id="2" frameNum="0"/>
			<clickAnimations>
				<click startTime="167" isStartRelative="false" duration="666"/>
				<click startTime="867" isStartRelative="false" duration="666"/>
				<click startTime="1567" isStartRelative="false" duration="666"/>
				<click startTime="2267" isStartRelative="false" duration="666"/>
				<click startTime="2967" isStartRelative="false" duration="666"/>
				<click startTime="3667" isStartRelative="false" duration="666"/>
				<click startTime="4367" isStartRelative="false" duration="666"/>
			</clickAnimations>
			<flvContents/>
			<slideTitle>@AEM 6.1 Communities, when a community member is invited to a private group, they must reply to the notification message and accept the invitation before they are able to see the group.@</slideTitle>
			<notes isHTML="true"></notes>
			<slideThumbnail url="thumb.swf" frame="7"/>
		</slide>
		<slide id="292" showInTOC="false" inSequence="" frameRate="30" totalFrames="30" usePptxSlideDur="0" lockInteractionSlide="false" isHiddenInteractionSl="false" isWrongInteractionSl="false" swfConvertorEngine="Nova" slideDuration="5" advance="never" blockMovement="false" hideplaybar="false" type="scoring" quiz="10011">
			<content url="Slide7.swf" id="292"/>
			<backdrop displayBgSp="true"/>
			<master id="1" frameNum="0"/>
			<layout id="2" frameNum="0"/>
			<clickAnimations>
				<click startTime="167" isStartRelative="false" duration="666"/>
			</clickAnimations>
			<flvContents/>
			<slideTitle>@AEM Communities 6.1 Assessment@</slideTitle>
			<notes isHTML="true"></notes>
			<slideThumbnail url="thumb.swf" frame="8"/>
		</slide>
	</slides>
	<quizzes>
		<reportingOptions statusReportingOption="1" successReportingCriteria="1" completionReportingCriteria="-1" slideViewCompletionCriteria="-1" slideViewSuccessCriteria="-1" quizCompletionCriteria="-1" quizSuccessCriteria="0" completionCriteriaSlideViewVal="0" successCriteriaSlideViewVal="0" dataToReport="1" exitNormal="0" isTracked="true" LMSType="SCORM_1_2" AuthorwareDelimeter="," trackingLevel="score" completionValueToSend="default" completionTrigger="breeze" trackingURLEncodeVersionAndSession="true" trackingCharsToNotUrlEncode="" trackingSendInterval="1" completionSlideViewPercentage="100" trackingSendResumeData="true" sendScoreAsPercent="true"></reportingOptions>
		<quizSettings showQuestionList="true" showScores="true" showPassScore="true" showCurrentScore="true" showQuestionMarks="false" showAttempts="true" showQuizAttempts="true" showQuestionAttempts="false" showQuestionCorrectFeedback="true" showQuestionIncorrectFeedback="true" showQuizNavigationWarning="true"></quizSettings>
		<quiz quizID="10011" title="AEM Communities 6.1 Assessment" numQuizAttemptsAllowed="3" minScore="0" passingScore="70" percent="true" passingGradeAction="nextSlide" passingGradeActionArg1="" passingGradeActionArg2="1" failingGradeAction="nextSlide" failingGradeActionArg1="" failingGradeActionArg2="1" questionAdvance="optional" quizAdvance="mustPass" showProgress="minimal" allowBackwardMovementInQuiz="true" allowReviewMode="true" passedScoreFeedback="Passed" failedScoreFeedback="Failed" shuffleQuestions="1">
			<questiongroups></questiongroups>
		</quiz>
		<quiz quizID="10004" title="Quiz" numQuizAttemptsAllowed="1" minScore="0" passingScore="80" percent="true" passingGradeAction="nextSlide" passingGradeActionArg1="" passingGradeActionArg2="1" failingGradeAction="nextSlide" failingGradeActionArg1="" failingGradeActionArg2="1" questionAdvance="optional" quizAdvance="optional" showProgress="minimal" allowBackwardMovementInQuiz="true" allowReviewMode="true" passedScoreFeedback="Passed" failedScoreFeedback="Failed" shuffleQuestions="0">
			<questiongroups></questiongroups>
		</quiz>
	</quizzes>
	<attachments></attachments>
</presentation>
